Dataset,Escenario,Metrica,Iteracion,Tiempo_ms,Memoria_Total_Bytes
IMDB,Construccion,N/A,1,119.473,6326568
IMDB,Original,DegreeCentrality,1,0.0568,6592464
IMDB,Original,DegreeCentrality,2,0.0583,6592464
IMDB,Original,DegreeCentrality,3,0.057,6592464
IMDB,Original,DegreeCentrality,4,0.057,6592464
IMDB,Original,DegreeCentrality,5,0.057,6592464
IMDB,Original,DegreeCentrality,6,0.0569,6592464
IMDB,Original,DegreeCentrality,7,0.0569,6592464
IMDB,Original,DegreeCentrality,8,0.0569,6592464
IMDB,Original,DegreeCentrality,9,0.057,6592464
IMDB,Original,DegreeCentrality,10,0.057,6592464
IMDB,Original,ClosenessCentrality,1,16452.4,6991376
IMDB,Original,ClosenessCentrality,2,17979.2,6991376
IMDB,Original,ClosenessCentrality,3,18559.7,6991376
IMDB,Original,ClosenessCentrality,4,17321.4,6991376
IMDB,Original,ClosenessCentrality,5,17693.8,6991376
IMDB,Original,ClosenessCentrality,6,15484.7,6991376
IMDB,Original,ClosenessCentrality,7,16356.2,6991376
IMDB,Original,ClosenessCentrality,8,14316,6991376
IMDB,Original,ClosenessCentrality,9,16266.9,6991376
IMDB,Original,ClosenessCentrality,10,14295.2,6991376
IMDB,Original,PageRank,1,54.4409,6858360
IMDB,Original,PageRank,2,54.1785,6858360
IMDB,Original,PageRank,3,54.4411,6858360
IMDB,Original,PageRank,4,53.9982,6858360
IMDB,Original,PageRank,5,64.0191,6858360
IMDB,Original,PageRank,6,55.9173,6858360
IMDB,Original,PageRank,7,56.8601,6858360
IMDB,Original,PageRank,8,57.2067,6858360
IMDB,Original,PageRank,9,56.3095,6858360
IMDB,Original,PageRank,10,55.5607,6858360
IMDB,Original,EccentricityCentrality,1,16265.3,6991376
IMDB,Original,EccentricityCentrality,2,14634.9,6991376
IMDB,Original,EccentricityCentrality,3,16355.3,6991376
IMDB,Original,EccentricityCentrality,4,14631.2,6991376
IMDB,Original,EccentricityCentrality,5,16319.5,6991376
IMDB,Original,EccentricityCentrality,6,14540.4,6991376
IMDB,Original,EccentricityCentrality,7,16372.5,6991376
IMDB,Original,EccentricityCentrality,8,15094.9,6991376
IMDB,Original,EccentricityCentrality,9,16284.9,6991376
IMDB,Original,EccentricityCentrality,10,14518.6,6991376
IMDB,Original,HarmonicCentrality,1,14120.6,6991376
IMDB,Original,HarmonicCentrality,2,16127.7,6991376
IMDB,Original,HarmonicCentrality,3,14477.2,6991376
IMDB,Original,HarmonicCentrality,4,16071.6,6991376
IMDB,Original,HarmonicCentrality,5,14077.3,6991376
IMDB,Original,HarmonicCentrality,6,16009.6,6991376
IMDB,Original,HarmonicCentrality,7,14494.2,6991376
IMDB,Original,HarmonicCentrality,8,16146.2,6991376
IMDB,Original,HarmonicCentrality,9,14364,6991376
IMDB,Original,HarmonicCentrality,10,16034.1,6991376
IMDB,Original,AverageShortestPath,1,16228,6725480
IMDB,Original,AverageShortestPath,2,14774.3,6725480
IMDB,Original,AverageShortestPath,3,16170,6725480
IMDB,Original,AverageShortestPath,4,14388.3,6725480
IMDB,Original,AverageShortestPath,5,16216.2,6725480
IMDB,Original,AverageShortestPath,6,14148.1,6725480
IMDB,Original,AverageShortestPath,7,17250,6725480
IMDB,Original,AverageShortestPath,8,14830.9,6725480
IMDB,Original,AverageShortestPath,9,16192.8,6725480
IMDB,Original,AverageShortestPath,10,14669.2,6725480
IMDB,Original,BetweennessCentrality,1,64765.9,8729504
IMDB,Original,BetweennessCentrality,2,65659.2,8729504
IMDB,Original,BetweennessCentrality,3,66011.4,8729504
IMDB,Original,BetweennessCentrality,4,66059.6,8729504
IMDB,Original,BetweennessCentrality,5,64350.2,8729504
IMDB,Original,BetweennessCentrality,6,63897.8,8729504
IMDB,Original,BetweennessCentrality,7,62433.5,8729504
IMDB,Original,BetweennessCentrality,8,65014,8729504
IMDB,Original,BetweennessCentrality,9,64032,8729504
IMDB,Original,BetweennessCentrality,10,64282.6,8729504
IMDB,AddArista,DegreeCentrality,1,0.101508,6592496
IMDB,AddArista,DegreeCentrality,2,0.081467,6592496
IMDB,AddArista,DegreeCentrality,3,0.081466,6592496
IMDB,AddArista,DegreeCentrality,4,0.09165,6592496
IMDB,AddArista,DegreeCentrality,5,0.06045,6592496
IMDB,AddArista,DegreeCentrality,6,0.060017,6592496
IMDB,AddArista,DegreeCentrality,7,0.060125,6592496
IMDB,AddArista,DegreeCentrality,8,0.0715,6592496
IMDB,AddArista,DegreeCentrality,9,0.0611,6592496
IMDB,AddArista,DegreeCentrality,10,0.060233,6592496
IMDB,AddArista,ClosenessCentrality,1,14146.2,6991408
IMDB,AddArista,ClosenessCentrality,2,16218.7,6991408
IMDB,AddArista,ClosenessCentrality,3,14091,6991408
IMDB,AddArista,ClosenessCentrality,4,16058.6,6991408
IMDB,AddArista,ClosenessCentrality,5,14448.1,6991408
IMDB,AddArista,ClosenessCentrality,6,16010.8,6991408
IMDB,AddArista,ClosenessCentrality,7,14257.1,6991408
IMDB,AddArista,ClosenessCentrality,8,16057.6,6991408
IMDB,AddArista,ClosenessCentrality,9,14087.3,6991408
IMDB,AddArista,ClosenessCentrality,10,16048.5,6991408
IMDB,AddArista,PageRank,1,51.374,6858392
IMDB,AddArista,PageRank,2,51.4764,6858392
IMDB,AddArista,PageRank,3,49.9384,6858392
IMDB,AddArista,PageRank,4,50.8153,6858392
IMDB,AddArista,PageRank,5,51.4653,6858392
IMDB,AddArista,PageRank,6,49.6179,6858392
IMDB,AddArista,PageRank,7,51.4753,6858392
IMDB,AddArista,PageRank,8,52.2091,6858392
IMDB,AddArista,PageRank,9,53.6929,6858392
IMDB,AddArista,PageRank,10,50.7646,6858392
IMDB,AddArista,EccentricityCentrality,1,16189.8,6991408
IMDB,AddArista,EccentricityCentrality,2,14399.2,6991408
IMDB,AddArista,EccentricityCentrality,3,16038.7,6991408
IMDB,AddArista,EccentricityCentrality,4,14558.1,6991408
IMDB,AddArista,EccentricityCentrality,5,16152.5,6991408
IMDB,AddArista,EccentricityCentrality,6,14321.9,6991408
IMDB,AddArista,EccentricityCentrality,7,16258.2,6991408
IMDB,AddArista,EccentricityCentrality,8,14248.3,6991408
IMDB,AddArista,EccentricityCentrality,9,16141.7,6991408
IMDB,AddArista,EccentricityCentrality,10,14286.3,6991408
IMDB,AddArista,HarmonicCentrality,1,14305.2,6991408
IMDB,AddArista,HarmonicCentrality,2,16113.6,6991408
IMDB,AddArista,HarmonicCentrality,3,14032.6,6991408
IMDB,AddArista,HarmonicCentrality,4,16025.3,6991408
IMDB,AddArista,HarmonicCentrality,5,14309,6991408
IMDB,AddArista,HarmonicCentrality,6,16005.6,6991408
IMDB,AddArista,HarmonicCentrality,7,14159,6991408
IMDB,AddArista,HarmonicCentrality,8,15981,6991408
IMDB,AddArista,HarmonicCentrality,9,14313.4,6991408
IMDB,AddArista,HarmonicCentrality,10,15986.1,6991408
IMDB,AddArista,AverageShortestPath,1,16136.8,6725512
IMDB,AddArista,AverageShortestPath,2,14368.9,6725512
IMDB,AddArista,AverageShortestPath,3,16142.3,6725512
IMDB,AddArista,AverageShortestPath,4,14506.8,6725512
IMDB,AddArista,AverageShortestPath,5,16140.4,6725512
IMDB,AddArista,AverageShortestPath,6,14363,6725512
IMDB,AddArista,AverageShortestPath,7,16177.7,6725512
IMDB,AddArista,AverageShortestPath,8,14243.6,6725512
IMDB,AddArista,AverageShortestPath,9,16183.1,6725512
IMDB,AddArista,AverageShortestPath,10,14553,6725512
IMDB,AddArista,BetweennessCentrality,1,64629.9,8729540
IMDB,AddArista,BetweennessCentrality,2,64419.1,8729540
IMDB,AddArista,BetweennessCentrality,3,65852.2,8729540
IMDB,AddArista,BetweennessCentrality,4,66835.3,8729540
IMDB,AddArista,BetweennessCentrality,5,63128.2,8729540
IMDB,AddArista,BetweennessCentrality,6,65010.4,8729540
IMDB,AddArista,BetweennessCentrality,7,63960.6,8729540
IMDB,AddArista,BetweennessCentrality,8,65051.4,8729540
IMDB,AddArista,BetweennessCentrality,9,64625.1,8729540
IMDB,AddArista,BetweennessCentrality,10,64152.1,8729540
IMDB,RemoveArista,DegreeCentrality,1,0.066516,6592432
IMDB,RemoveArista,DegreeCentrality,2,0.069008,6592432
IMDB,RemoveArista,DegreeCentrality,3,0.073233,6592432
IMDB,RemoveArista,DegreeCentrality,4,0.106817,6592432
IMDB,RemoveArista,DegreeCentrality,5,0.077242,6592432
IMDB,RemoveArista,DegreeCentrality,6,0.06175,6592432
IMDB,RemoveArista,DegreeCentrality,7,0.075509,6592432
IMDB,RemoveArista,DegreeCentrality,8,0.064458,6592432
IMDB,RemoveArista,DegreeCentrality,9,0.061425,6592432
IMDB,RemoveArista,DegreeCentrality,10,0.061317,6592432
IMDB,RemoveArista,ClosenessCentrality,1,16201.2,6991344
IMDB,RemoveArista,ClosenessCentrality,2,14302,6991344
IMDB,RemoveArista,ClosenessCentrality,3,16100.5,6991344
IMDB,RemoveArista,ClosenessCentrality,4,14204,6991344
IMDB,RemoveArista,ClosenessCentrality,5,16051.6,6991344
IMDB,RemoveArista,ClosenessCentrality,6,14639.9,6991344
IMDB,RemoveArista,ClosenessCentrality,7,16158.3,6991344
IMDB,RemoveArista,ClosenessCentrality,8,14258.2,6991344
IMDB,RemoveArista,ClosenessCentrality,9,16067.3,6991344
IMDB,RemoveArista,ClosenessCentrality,10,13897.4,6991344
IMDB,RemoveArista,PageRank,1,50.775,6858328
IMDB,RemoveArista,PageRank,2,54.2666,6858328
IMDB,RemoveArista,PageRank,3,56.299,6858328
IMDB,RemoveArista,PageRank,4,59.5244,6858328
IMDB,RemoveArista,PageRank,5,55.4629,6858328
IMDB,RemoveArista,PageRank,6,54.16,6858328
IMDB,RemoveArista,PageRank,7,54.2956,6858328
IMDB,RemoveArista,PageRank,8,55.3946,6858328
IMDB,RemoveArista,PageRank,9,54.938,6858328
IMDB,RemoveArista,PageRank,10,59.4752,6858328
IMDB,RemoveArista,EccentricityCentrality,1,14707.8,6991344
IMDB,RemoveArista,EccentricityCentrality,2,16257.8,6991344
IMDB,RemoveArista,EccentricityCentrality,3,14126.9,6991344
IMDB,RemoveArista,EccentricityCentrality,4,16868.3,6991344
IMDB,RemoveArista,EccentricityCentrality,5,14567.5,6991344
IMDB,RemoveArista,EccentricityCentrality,6,16264.7,6991344
IMDB,RemoveArista,EccentricityCentrality,7,14411.6,6991344
IMDB,RemoveArista,EccentricityCentrality,8,16415.1,6991344
IMDB,RemoveArista,EccentricityCentrality,9,14131.1,6991344
IMDB,RemoveArista,EccentricityCentrality,10,16194.9,6991344
IMDB,RemoveArista,HarmonicCentrality,1,15926.9,6991344
IMDB,RemoveArista,HarmonicCentrality,2,14530.2,6991344
IMDB,RemoveArista,HarmonicCentrality,3,15958.2,6991344
IMDB,RemoveArista,HarmonicCentrality,4,13918.6,6991344
IMDB,RemoveArista,HarmonicCentrality,5,16136.9,6991344
IMDB,RemoveArista,HarmonicCentrality,6,14415.5,6991344
IMDB,RemoveArista,HarmonicCentrality,7,16055,6991344
IMDB,RemoveArista,HarmonicCentrality,8,14285,6991344
IMDB,RemoveArista,HarmonicCentrality,9,15956.8,6991344
IMDB,RemoveArista,HarmonicCentrality,10,13845.2,6991344
IMDB,RemoveArista,AverageShortestPath,1,14650.7,6725448
IMDB,RemoveArista,AverageShortestPath,2,16153.9,6725448
IMDB,RemoveArista,AverageShortestPath,3,14072.3,6725448
IMDB,RemoveArista,AverageShortestPath,4,16108,6725448
IMDB,RemoveArista,AverageShortestPath,5,14524.1,6725448
IMDB,RemoveArista,AverageShortestPath,6,16374.9,6725448
IMDB,RemoveArista,AverageShortestPath,7,14395.8,6725448
IMDB,RemoveArista,AverageShortestPath,8,16196.8,6725448
IMDB,RemoveArista,AverageShortestPath,9,14135,6725448
IMDB,RemoveArista,AverageShortestPath,10,16100.1,6725448
IMDB,RemoveArista,BetweennessCentrality,1,64580.4,8729468
IMDB,RemoveArista,BetweennessCentrality,2,63755.7,8729468
IMDB,RemoveArista,BetweennessCentrality,3,65689.8,8729468
IMDB,RemoveArista,BetweennessCentrality,4,64362.3,8729468
IMDB,RemoveArista,BetweennessCentrality,5,65301.5,8729468
IMDB,RemoveArista,BetweennessCentrality,6,64342.3,8729468
IMDB,RemoveArista,BetweennessCentrality,7,65199.8,8729468
IMDB,RemoveArista,BetweennessCentrality,8,64232.7,8729468
IMDB,RemoveArista,BetweennessCentrality,9,64079.6,8729468
IMDB,RemoveArista,BetweennessCentrality,10,64539,8729468
Red,Construccion,N/A,1,1087.01,103632
Red,Original,DegreeCentrality,1,0.0021,109864
Red,Original,DegreeCentrality,2,0.0014,109864
Red,Original,DegreeCentrality,3,0.0014,109864
Red,Original,DegreeCentrality,4,0.0013,109864
Red,Original,DegreeCentrality,5,0.0013,109864
Red,Original,DegreeCentrality,6,0.0013,109864
Red,Original,DegreeCentrality,7,0.0013,109864
Red,Original,DegreeCentrality,8,0.0013,109864
Red,Original,DegreeCentrality,9,0.0013,109864
Red,Original,DegreeCentrality,10,0.0014,109864
Red,Original,ClosenessCentrality,1,2.7904,119280
Red,Original,ClosenessCentrality,2,2.7997,119280
Red,Original,ClosenessCentrality,3,3.0968,119280
Red,Original,ClosenessCentrality,4,2.9107,119280
Red,Original,ClosenessCentrality,5,2.9457,119280
Red,Original,ClosenessCentrality,6,2.91,119280
Red,Original,ClosenessCentrality,7,2.8932,119280
Red,Original,ClosenessCentrality,8,2.7931,119280
Red,Original,ClosenessCentrality,9,3.0243,119280
Red,Original,ClosenessCentrality,10,2.8408,119280
Red,Original,PageRank,1,0.3411,116096
Red,Original,PageRank,2,0.3295,116096
Red,Original,PageRank,3,0.33,116096
Red,Original,PageRank,4,0.3284,116096
Red,Original,PageRank,5,0.3414,116096
Red,Original,PageRank,6,0.4103,116096
Red,Original,PageRank,7,0.346,116096
Red,Original,PageRank,8,0.3406,116096
Red,Original,PageRank,9,0.3819,116096
Red,Original,PageRank,10,0.337,116096
Red,Original,EccentricityCentrality,1,2.8073,119280
Red,Original,EccentricityCentrality,2,2.9078,119280
Red,Original,EccentricityCentrality,3,2.8642,119280
Red,Original,EccentricityCentrality,4,2.7779,119280
Red,Original,EccentricityCentrality,5,2.7944,119280
Red,Original,EccentricityCentrality,6,2.81,119280
Red,Original,EccentricityCentrality,7,2.9001,119280
Red,Original,EccentricityCentrality,8,2.8455,119280
Red,Original,EccentricityCentrality,9,2.8026,119280
Red,Original,EccentricityCentrality,10,2.8047,119280
Red,Original,HarmonicCentrality,1,2.7343,119280
Red,Original,HarmonicCentrality,2,2.9509,119280
Red,Original,HarmonicCentrality,3,2.7421,119280
Red,Original,HarmonicCentrality,4,2.7237,119280
Red,Original,HarmonicCentrality,5,2.743,119280
Red,Original,HarmonicCentrality,6,2.7652,119280
Red,Original,HarmonicCentrality,7,2.8496,119280
Red,Original,HarmonicCentrality,8,2.7896,119280
Red,Original,HarmonicCentrality,9,2.7386,119280
Red,Original,HarmonicCentrality,10,2.7121,119280
Red,Original,AverageShortestPath,1,2.7584,113048
Red,Original,AverageShortestPath,2,2.8083,113048
Red,Original,AverageShortestPath,3,2.7914,113048
Red,Original,AverageShortestPath,4,2.7373,113048
Red,Original,AverageShortestPath,5,2.7186,113048
Red,Original,AverageShortestPath,6,2.7524,113048
Red,Original,AverageShortestPath,7,2.8479,113048
Red,Original,AverageShortestPath,8,2.8791,113048
Red,Original,AverageShortestPath,9,2.7166,113048
Red,Original,AverageShortestPath,10,2.7635,113048
Red,Original,BetweennessCentrality,1,21.9174,154488
Red,Original,BetweennessCentrality,2,21.6194,154488
Red,Original,BetweennessCentrality,3,21.9019,154488
Red,Original,BetweennessCentrality,4,21.6836,154488
Red,Original,BetweennessCentrality,5,21.7529,154488
Red,Original,BetweennessCentrality,6,21.653,154488
Red,Original,BetweennessCentrality,7,21.8109,154488
Red,Original,BetweennessCentrality,8,21.3653,154488
Red,Original,BetweennessCentrality,9,21.3007,154488
Red,Original,BetweennessCentrality,10,21.3535,154488
Red,AddArista,DegreeCentrality,1,0.0015,109896
Red,AddArista,DegreeCentrality,2,0.0014,109896
Red,AddArista,DegreeCentrality,3,0.0013,109896
Red,AddArista,DegreeCentrality,4,0.0013,109896
Red,AddArista,DegreeCentrality,5,0.0012,109896
Red,AddArista,DegreeCentrality,6,0.0013,109896
Red,AddArista,DegreeCentrality,7,0.0013,109896
Red,AddArista,DegreeCentrality,8,0.0013,109896
Red,AddArista,DegreeCentrality,9,0.0013,109896
Red,AddArista,DegreeCentrality,10,0.0013,109896
Red,AddArista,ClosenessCentrality,1,3.6154,119312
Red,AddArista,ClosenessCentrality,2,3.6424,119312
Red,AddArista,ClosenessCentrality,3,3.6538,119312
Red,AddArista,ClosenessCentrality,4,3.8482,119312
Red,AddArista,ClosenessCentrality,5,4.2481,119312
Red,AddArista,ClosenessCentrality,6,4.1139,119312
Red,AddArista,ClosenessCentrality,7,3.8839,119312
Red,AddArista,ClosenessCentrality,8,4.3704,119312
Red,AddArista,ClosenessCentrality,9,3.7137,119312
Red,AddArista,ClosenessCentrality,10,3.7308,119312
Red,AddArista,PageRank,1,0.3287,116128
Red,AddArista,PageRank,2,0.343,116128
Red,AddArista,PageRank,3,0.3266,116128
Red,AddArista,PageRank,4,0.3254,116128
Red,AddArista,PageRank,5,0.3275,116128
Red,AddArista,PageRank,6,0.3253,116128
Red,AddArista,PageRank,7,0.3252,116128
Red,AddArista,PageRank,8,0.3363,116128
Red,AddArista,PageRank,9,0.328,116128
Red,AddArista,PageRank,10,0.3281,116128
Red,AddArista,EccentricityCentrality,1,3.7179,119312
Red,AddArista,EccentricityCentrality,2,3.752,119312
Red,AddArista,EccentricityCentrality,3,3.6981,119312
Red,AddArista,EccentricityCentrality,4,3.7736,119312
Red,AddArista,EccentricityCentrality,5,3.7194,119312
Red,AddArista,EccentricityCentrality,6,3.7497,119312
Red,AddArista,EccentricityCentrality,7,3.726,119312
Red,AddArista,EccentricityCentrality,8,3.9501,119312
Red,AddArista,EccentricityCentrality,9,3.7479,119312
Red,AddArista,EccentricityCentrality,10,3.7047,119312
Red,AddArista,HarmonicCentrality,1,3.6934,119312
Red,AddArista,HarmonicCentrality,2,3.872,119312
Red,AddArista,HarmonicCentrality,3,3.7178,119312
Red,AddArista,HarmonicCentrality,4,3.7224,119312
Red,AddArista,HarmonicCentrality,5,3.6994,119312
Red,AddArista,HarmonicCentrality,6,3.8108,119312
Red,AddArista,HarmonicCentrality,7,3.7418,119312
Red,AddArista,HarmonicCentrality,8,3.7288,119312
Red,AddArista,HarmonicCentrality,9,3.737,119312
Red,AddArista,HarmonicCentrality,10,3.8815,119312
Red,AddArista,AverageShortestPath,1,3.7488,113080
Red,AddArista,AverageShortestPath,2,3.7717,113080
Red,AddArista,AverageShortestPath,3,3.7509,113080
Red,AddArista,AverageShortestPath,4,3.7585,113080
Red,AddArista,AverageShortestPath,5,3.7215,113080
Red,AddArista,AverageShortestPath,6,3.7229,113080
Red,AddArista,AverageShortestPath,7,3.8757,113080
Red,AddArista,AverageShortestPath,8,3.8176,113080
Red,AddArista,AverageShortestPath,9,3.7487,113080
Red,AddArista,AverageShortestPath,10,3.7872,113080
Red,AddArista,BetweennessCentrality,1,30.9178,154524
Red,AddArista,BetweennessCentrality,2,30.5328,154524
Red,AddArista,BetweennessCentrality,3,30.4264,154524
Red,AddArista,BetweennessCentrality,4,30.7706,154524
Red,AddArista,BetweennessCentrality,5,30.592,154524
Red,AddArista,BetweennessCentrality,6,30.898,154524
Red,AddArista,BetweennessCentrality,7,31.0234,154524
Red,AddArista,BetweennessCentrality,8,31.0438,154524
Red,AddArista,BetweennessCentrality,9,31.6577,154524
Red,AddArista,BetweennessCentrality,10,31.3596,154524
Red,RemoveArista,DegreeCentrality,1,0.0016,109832
Red,RemoveArista,DegreeCentrality,2,0.0019,109832
Red,RemoveArista,DegreeCentrality,3,0.0014,109832
Red,RemoveArista,DegreeCentrality,4,0.0013,109832
Red,RemoveArista,DegreeCentrality,5,0.0013,109832
Red,RemoveArista,DegreeCentrality,6,0.0014,109832
Red,RemoveArista,DegreeCentrality,7,0.0013,109832
Red,RemoveArista,DegreeCentrality,8,0.0013,109832
Red,RemoveArista,DegreeCentrality,9,0.0013,109832
Red,RemoveArista,DegreeCentrality,10,0.0013,109832
Red,RemoveArista,ClosenessCentrality,1,3.4487,119248
Red,RemoveArista,ClosenessCentrality,2,2.9494,119248
Red,RemoveArista,ClosenessCentrality,3,2.8515,119248
Red,RemoveArista,ClosenessCentrality,4,2.8573,119248
Red,RemoveArista,ClosenessCentrality,5,2.9305,119248
Red,RemoveArista,ClosenessCentrality,6,2.9704,119248
Red,RemoveArista,ClosenessCentrality,7,2.8519,119248
Red,RemoveArista,ClosenessCentrality,8,2.8301,119248
Red,RemoveArista,ClosenessCentrality,9,2.8053,119248
Red,RemoveArista,ClosenessCentrality,10,2.7917,119248
Red,RemoveArista,PageRank,1,0.3301,116064
Red,RemoveArista,PageRank,2,0.3515,116064
Red,RemoveArista,PageRank,3,0.3296,116064
Red,RemoveArista,PageRank,4,0.329,116064
Red,RemoveArista,PageRank,5,0.328,116064
Red,RemoveArista,PageRank,6,0.3396,116064
Red,RemoveArista,PageRank,7,0.33,116064
Red,RemoveArista,PageRank,8,0.3274,116064
Red,RemoveArista,PageRank,9,0.3275,116064
Red,RemoveArista,PageRank,10,0.3273,116064
Red,RemoveArista,EccentricityCentrality,1,2.7963,119248
Red,RemoveArista,EccentricityCentrality,2,2.7818,119248
Red,RemoveArista,EccentricityCentrality,3,2.7865,119248
Red,RemoveArista,EccentricityCentrality,4,2.7773,119248
Red,RemoveArista,EccentricityCentrality,5,2.8366,119248
Red,RemoveArista,EccentricityCentrality,6,2.7895,119248
Red,RemoveArista,EccentricityCentrality,7,3.3696,119248
Red,RemoveArista,EccentricityCentrality,8,2.7897,119248
Red,RemoveArista,EccentricityCentrality,9,2.7931,119248
Red,RemoveArista,EccentricityCentrality,10,2.8614,119248
Red,RemoveArista,HarmonicCentrality,1,2.7161,119248
Red,RemoveArista,HarmonicCentrality,2,2.7447,119248
Red,RemoveArista,HarmonicCentrality,3,2.7071,119248
Red,RemoveArista,HarmonicCentrality,4,2.7292,119248
Red,RemoveArista,HarmonicCentrality,5,2.8115,119248
Red,RemoveArista,HarmonicCentrality,6,2.7229,119248
Red,RemoveArista,HarmonicCentrality,7,2.7347,119248
Red,RemoveArista,HarmonicCentrality,8,2.7089,119248
Red,RemoveArista,HarmonicCentrality,9,2.7147,119248
Red,RemoveArista,HarmonicCentrality,10,2.7391,119248
Red,RemoveArista,AverageShortestPath,1,2.8015,113016
Red,RemoveArista,AverageShortestPath,2,2.8031,113016
Red,RemoveArista,AverageShortestPath,3,2.776,113016
Red,RemoveArista,AverageShortestPath,4,2.782,113016
Red,RemoveArista,AverageShortestPath,5,3.1185,113016
Red,RemoveArista,AverageShortestPath,6,2.784,113016
Red,RemoveArista,AverageShortestPath,7,2.7876,113016
Red,RemoveArista,AverageShortestPath,8,2.7888,113016
Red,RemoveArista,AverageShortestPath,9,2.7933,113016
Red,RemoveArista,AverageShortestPath,10,2.7739,113016
Red,RemoveArista,BetweennessCentrality,1,21.3396,154452
Red,RemoveArista,BetweennessCentrality,2,22.1621,154452
Red,RemoveArista,BetweennessCentrality,3,21.845,154452
Red,RemoveArista,BetweennessCentrality,4,21.4475,154452
Red,RemoveArista,BetweennessCentrality,5,21.569,154452
Red,RemoveArista,BetweennessCentrality,6,20.1604,154452
Red,RemoveArista,BetweennessCentrality,7,21.8001,154452
Red,RemoveArista,BetweennessCentrality,8,21.4113,154452
Red,RemoveArista,BetweennessCentrality,9,21.5013,154452
Red,RemoveArista,BetweennessCentrality,10,21.443,154452
